{"1": [0.6378818887270225, 0.05668750428507526], "2": [0.9239258273125457, 0.051177510867306555], "3": [0.632630430144061, 0.06646703211664858], "4": [0.8754212159665298, 0.09565939599516321], "5": [0.7255107621147524, 0.04853560261397982], "6": [0.7697411095618213, 0.027211939486214084], "7": [0.9822245099258312, 0.055713205570203254], "8": [0.8051179055877444, 0.028907441775336277], "9": [0.4650793800462543, 0.04896997931018635]}