{"XY": [[0.0, 1.0, 2.0, 3.0, 4.0, 5.0, 6.0, 7.0, 8.0, 9.0, 10.0, 11.0, 12.0, 13.0, 14.0, 15.0, 16.0, 17.0, 18.0, 19.0, 20.0, 21.0, 22.0, 23.0, 24.0, 25.0, 26.0, 27.0, 28.0, 29.0, 30.0, 31.0, 32.0, 33.0, 34.0, 35.0, 36.0, 37.0, 38.0, 39.0, 40.0, 41.0, 42.0, 43.0, 44.0, 45.0, 46.0, 47.0, 48.0, 49.0], [0.6498363727766567, 0.6414271694712387, 0.6018816904971663, 0.5134156562484206, 0.42360973841494326, 0.4082597227011447, 0.33221708071440686, 0.36391844458068096, 0.29281370471098994, 0.307499894094462, 0.19805858824771425, 0.2944335731743039, 0.3602053807885506, 0.32883657961615703, 0.2448139788792615, 0.3662083188986055, 0.26452357950741645, 0.32137090514017275, 0.24559719796204954, 0.25268861480250354, 0.2517759686364433, 0.27788825440224435, 0.20203092842607354, 0.2500886818836782, 0.21297711841327696, 0.25238174317076223, 0.26518358235805495, 0.24158679461075813, 0.2373051093137884, 0.2663120052928851, 0.18232385509587626, 0.2869638561132071, 0.21366556376303125, 0.22810110755091775, 0.21553636895881267, 0.24588046582764486, 0.19752693778965594, 0.2596767553579991, 0.24493981988693614, 0.19502038306131522, 0.2600719115707282, 0.30856527495374425, 0.15329329089344185, 0.2393166938335616, 0.20284050785714564, 0.1863817226929575, 0.19739106236358953, 0.298093851082315, 0.15877409305518098, 0.23274056497559903], [0.04678008469757242, 0.046324663527602325, 0.04676847092538178, 0.04637911164600011, 0.046690228239002464, 0.04638972424086356, 0.046394496829361205, 0.04643901063677267, 0.046528464034528275, 0.046645853690151146, 0.04670769871982347, 0.04635605250907713, 0.04623772211600731, 0.046178140604072854, 0.046583454152586086, 0.04634566860006198, 0.04644938352594331, 0.046314288306357816, 0.04653227929765332, 0.04637492060475983, 0.04663825168740856, 0.04625056438447591, 0.04653704243313979, 0.046609267840212444, 0.04632116473632306, 0.046526390873822814, 0.04679921461668994, 0.04670538264283671, 0.046582499039202946, 0.046234746083126686, 0.04646128920889867, 0.046583730323407915, 0.04653230337504099, 0.046405220010181006, 0.0465645948863067, 0.04646056505248922, 0.04671117140932875, 0.046431619569442084, 0.04646910014083852, 0.0466909945520966, 0.04649881397828663, 0.04614429398854963, 0.04659588817215787, 0.046402845640465665, 0.046311433053138576, 0.0466546594432489, 0.04652197223242179, 0.04631261207439544, 0.046502165980873846, 0.04651275913301842]], "Z": [[0.0, 1.0, 2.0, 3.0, 4.0, 5.0, 6.0, 7.0, 8.0, 9.0, 10.0, 11.0, 12.0, 13.0, 14.0, 15.0, 16.0, 17.0, 18.0, 19.0, 20.0, 21.0, 22.0, 23.0, 24.0, 25.0, 26.0, 27.0, 28.0, 29.0, 30.0, 31.0, 32.0, 33.0, 34.0, 35.0, 36.0, 37.0, 38.0, 39.0, 40.0, 41.0, 42.0, 43.0, 44.0, 45.0, 46.0, 47.0, 48.0, 49.0], [0.6330104520473492, -0.5606886812397122, 0.5654299002650537, -0.6109404923695679, 0.46160302972504247, -0.6247512497402512, 0.5273686882257896, -0.49481241019825706, 0.5876393971132827, -0.6055121128956682, 0.5268147925704827, -0.47621525327917336, 0.6660695115032619, -0.5189778512391302, 0.4572745084328153, -0.4616956228698484, 0.43161864983923365, -0.46366894378966644, 0.5490942851772466, -0.5384610377169485, 0.43957778625823296, -0.44463069451173287, 0.5293373449348144, -0.5083799882815819, 0.4857669233822143, -0.5090397673985909, 0.4804631672302061, -0.4827146260866124, 0.5122673434448346, -0.5321486386053295, 0.47324362545861803, -0.436766000728699, 0.4928556053471347, -0.49616415461936786, 0.45778682037639506, -0.4597493648682127, 0.4258634509029106, -0.4726114295582977, 0.5552344187798302, -0.5020127985358479, 0.501215584878003, -0.5224326586010777, 0.47814523658565694, -0.39749231920849215, 0.5249350905556223, -0.4761229516919877, 0.47932064609018304, -0.5322645707935992, 0.4390229949924688, -0.5278239446089922], [0.04621253299856062, 0.04605072243674416, 0.04593009929738223, 0.045946151228919985, 0.04608772690537429, 0.04578354218145012, 0.04643962562280962, 0.046001512566168926, 0.04599074937749715, 0.045880860509964705, 0.04593821149321381, 0.04609414559441695, 0.045897509896193324, 0.04595722947442908, 0.0461927774087937, 0.046093942631721896, 0.04625742418265243, 0.046063394591272955, 0.04615688805667582, 0.046146718615650485, 0.04619632590052021, 0.045866293587320674, 0.04624164304152059, 0.04598346917001564, 0.04590997814694853, 0.04647285931567855, 0.04626165034764425, 0.04600757212135926, 0.04602786902088837, 0.04610500949761574, 0.04610541423454726, 0.04597846347792854, 0.046086274507714235, 0.045990431096325786, 0.0458872599467698, 0.04612011739074499, 0.04628796741785998, 0.046125274061608976, 0.04625517712168427, 0.04610421495329145, 0.04625418800564281, 0.04629570048180264, 0.04612724226070611, 0.04611536425149266, 0.045891131862856475, 0.04615415283701723, 0.046109077253620456, 0.04616905263482751, 0.04609566573335031, 0.046177342788317186]]}