{"0": [[0, 7, 14, 21, 28, 35, 42, 49, 56, 63, 70, 77, 84, 91, 98, 105, 112, 119, 126, 133, 140, 147, 154, 161, 168, 175, 182, 189, 196, 203], [1.2326381275117508, 0.5883399260766493, -0.0907221274082111, -0.49521576359365854, -0.3935075858039358, -0.12763013151696212, 0.8819146270213921, 0.9191475026542315, 0.33095851188766245, -0.18237488178431852, -0.48574510892340367, -0.4039528550464587, 0.0836325211122919, 0.6070213381978883, 0.7909765899982815, 0.8271049024492173, -0.33895775845103315, -0.21960775741715832, -0.16362849535826257, -0.03461291673967952, 0.4603639363351536, 0.6519055879660827, 0.4226762405685883, 0.028952745149752945, -0.45830775948490754, -0.04512316028702035, 0.09219353551509532, 0.43260171537256775, 0.5151736609073275, 0.2759538644010343], [0.16453401216773572, 0.15051689665330684, 0.14462120611850235, 0.146254584347112, 0.14555021215281888, 0.1446081494314396, 0.1562375103731933, 0.15707740334326023, 0.14695289463528766, 0.14466244253296623, 0.14624568392387277, 0.14526609699362358, 0.14509454340789402, 0.15081659344786427, 0.154187732414391, 0.15504727990796227, 0.14517889001484727, 0.14471020299134618, 0.14456089295344435, 0.14438003674901814, 0.14854439634147534, 0.15145043038591668, 0.1480123678422514, 0.1448260743181231, 0.14598941808237992, 0.14465449167013086, 0.1450309856839936, 0.1482120836134066, 0.14936623311287475, 0.14641602262558326]], "1": [[0, 7, 14, 21, 28, 35, 42, 49, 56, 63, 70, 77, 84, 91, 98, 105, 112, 119, 126, 133, 140, 147, 154, 161, 168, 175, 182, 189, 196, 203], [0.9608313326382144, 0.5919126320177304, -0.04661020978629644, -0.16014444460066415, 0.0721623571997575, 0.3257398196915705, -0.07633866295765937, -0.34284104858241515, -0.3594797919715377, -0.193186521879912, 0.2354715764820945, 0.22931514726431965, 0.2523221884203144, 0.2958936617707091, 0.3321787403081423, 0.3320610355586437, 0.10929490993358049, -0.09979298216174895, 0.023352551677676952, 0.1725362593821857, 0.20261782680204452, -0.023250054381805798, -0.18994352062172645, 0.03286968690313587, -0.007035048090878279, -0.04701040593459147, -0.12315313756623958, 0.23568344503119196, 0.43513649715156394, 0.44202269581623], [0.055029194924386134, 0.05272101116242193, 0.05251983251234652, 0.05303030454561828, 0.05198728824314811, 0.052115729471003736, 0.05249745610230572, 0.05406964383909059, 0.05418118121282262, 0.05320359984181211, 0.052065315189341696, 0.052071371284932486, 0.05211444916145909, 0.052057693192317005, 0.05216220202241901, 0.052154672438530475, 0.052212957703844376, 0.05270196145171614, 0.052238064949391184, 0.052142195227824505, 0.052107149234997985, 0.05239975628093035, 0.05318964576469099, 0.05236791428891899, 0.05247378694753777, 0.05259320841563646, 0.052834502838659717, 0.05211329989487878, 0.05232356484031057, 0.05233679473981574]], "2": [[0, 7, 14, 21, 28, 35, 42, 49, 56, 63, 70, 77, 84, 91, 98, 105, 112, 119, 126, 133, 140, 147, 154, 161, 168, 175, 182, 189, 196, 203], [0.7782262355258105, 0.42843772198495605, -0.17250289310368466, -0.492456556421013, -0.19538275706989205, 0.0911824370559175, -0.28091904590292277, -0.6702411655380136, -0.06966498265894366, 0.6000367017315092, 0.48535393462636317, 0.0856041947014212, 0.050919966542539635, 0.2456417650616801, 0.2451153629811892, -0.17800015052272103, -0.5040989507427676, -0.26980305366166, 0.19357493035562806, 0.40571982788966937, 0.19349394542016785, -0.03489976956460161, 0.1134549140061732, 0.2504506505293051, 0.2797186062046102, -0.3493561754628941, -0.46973866232572603, -0.3325404634639441, -0.16660071100734714, 0.09110145212045728], [0.08535239106347353, 0.08834990200751638, 0.09057178420568475, 0.09073763802120859, 0.09060578158301155, 0.08989782990048939, 0.09073044731509716, 0.0904467140690126, 0.0903385793999331, 0.08721125366088545, 0.08798438195680972, 0.08986955635424224, 0.09007003407369686, 0.08926962649641795, 0.08930337647609186, 0.09060980005008569, 0.09072856628293584, 0.09067503910974836, 0.08951773206535728, 0.08845880627887377, 0.08949660802601485, 0.09031681685320218, 0.0898212561412939, 0.08914548812990901, 0.08915390353025529, 0.0907509703143947, 0.09075404216910792, 0.0907534731758979, 0.09058977661109284, 0.0899172696349194]], "3": [[0, 7, 14, 21, 28, 35, 42, 49, 56, 63, 70, 77, 84, 91, 98, 105, 112, 119, 126, 133, 140, 147, 154, 161, 168, 175, 182, 189, 196, 203], [0.7257065255967545, 0.25694374442226103, -0.667347205495343, -0.7624755222102109, -0.5444331032683212, 0.12301956327489465, 0.46216013872051065, 0.3341722841425989, -0.08246922288184862, -0.5181454729778866, -0.5121183491222666, -0.07023338059827951, 0.32157325271437004, 0.18030538706199448, 0.058662446841279636, -0.5185540607656282, -0.35875083711556865, -0.2760399572565995, 0.07751559534054056, 0.3461811332107565, 0.06550674627238298, -0.20461154817646993, -0.06991559009670215, -0.07594271395232231, 0.033010397553998753, 0.08376971241157256, -0.07653289631239364, -0.325618907394031, -0.1721605981011681, 0.07126147826950854], [0.15662216160611916, 0.1100603136506962, 0.14664206032570745, 0.15855197625768466, 0.13320709120064625, 0.10337076382190816, 0.12697686979861636, 0.11562166863194451, 0.1017986335239337, 0.13036687290694585, 0.12984180810176355, 0.10153587926010263, 0.11462967663256826, 0.10579526853993536, 0.10174872785187353, 0.13050254521048726, 0.11582468742683201, 0.10957291951544235, 0.10214280027979668, 0.1163389939452937, 0.10172961978491386, 0.1059255158188856, 0.10159420252591268, 0.10166197687608847, 0.1013717561045062, 0.10226056937854598, 0.101669977283245, 0.11315672850489691, 0.10445813265117883, 0.1020153441646784]]}