{"0": [[0.0, 7.0, 14.0, 21.0, 28.0, 35.0, 42.0, 49.0, 56.0, 63.0, 70.0, 77.0, 84.0, 91.0, 98.0, 105.0, 112.0, 119.00000000000001, 126.0, 133.0, 140.0, 147.0, 154.0, 161.0, 168.0, 175.00000000000003, 182.0, 189.0, 196.0, 203.0], [0.9758715084268457, 0.5367363894884905, -0.22060976291358414, -0.8471490811234239, -0.888017494671445, -0.337242673367552, 0.4454303936105807, 0.8937587697671302, 0.7020504024785775, 0.024980958102433948, -0.6278453995966882, -0.8110700758754115, -0.4165815805169959, 0.22827684204723486, 0.6851030512279206, 0.6653024337566278, 0.22164917243889737, -0.3454620223735543, -0.6447374513462885, -0.5114478326636009, -0.041796378409262536, 0.41011907206323095, 0.5384830802912768, 0.28443490708706665, -0.1345794338843882, -0.40891580221484936, -0.37591225448353693, -0.12431736432400653, 0.15545732110353572, 0.3000423488037436]], "1": [[0.0, 7.0, 14.0, 21.0, 28.0, 35.0, 42.0, 49.0, 56.0, 63.0, 70.0, 77.0, 84.0, 91.0, 98.0, 105.0, 112.0, 119.00000000000001, 126.0, 133.0, 140.0, 147.0, 154.0, 161.0, 168.0, 175.00000000000003, 182.0, 189.0, 196.0, 203.0], [0.980309490392439, 0.4922090616606315, -0.15669318754063544, -0.33897816806685355, -0.12981451183087733, -0.06570663632486506, -0.3650086529745582, -0.6684563643873114, -0.5103435912453289, 0.03243698212681523, 0.38990793771447896, 0.3429824911730648, 0.11486212789122752, 0.06671563742187203, 0.17422782978547868, 0.18929957767919792, 0.052392118387108444, -0.042753823129987545, 0.011900731315079738, 0.0895663952310437, 0.020184794515497928, -0.10119567329715462, -0.09132665214140201, 0.020272956523626817, -0.06582635025343353, -0.3505091019009292, -0.5187215166163428, -0.24133472598373085, 0.3082665522304575, 0.5914582899704478]], "2": [[0.0, 7.0, 14.0, 21.0, 28.0, 35.0, 42.0, 49.0, 56.0, 63.0, 70.0, 77.0, 84.0, 91.0, 98.0, 105.0, 112.0, 119.00000000000001, 126.0, 133.0, 140.0, 147.0, 154.0, 161.0, 168.0, 175.00000000000003, 182.0, 189.0, 196.0, 203.0], [0.9735485497625517, 0.3030378111185382, -0.4424165104802831, -0.423258128365571, 0.051440213507116805, 0.04240465358290624, -0.5025818509617244, -0.6587580533104043, -0.0027079432405496817, 0.782346292559034, 0.7068601867204616, 0.02139892045824221, -0.317230249192465, -0.03592218332190322, 0.1936442641286681, -0.15936285586427568, -0.5960500832839049, -0.42666190529792924, 0.2669289032803509, 0.6426949529761381, 0.3000974430498663, -0.14873186893615764, -0.1543622557658848, 0.11608322397396631, 0.061903586310589453, -0.304610194583679, -0.44278584947618493, -0.09952693257878575, 0.30917888590136466, 0.29399364418130935]], "3": [[0.0, 7.0, 14.0, 21.0, 28.0, 35.0, 42.0, 49.0, 56.0, 63.0, 70.0, 77.0, 84.0, 91.0, 98.0, 105.0, 112.0, 119.00000000000001, 126.0, 133.0, 140.0, 147.0, 154.0, 161.0, 168.0, 175.00000000000003, 182.0, 189.0, 196.0, 203.0], [0.9663122082004049, 0.32985930522669893, -0.5668924550419425, -0.9487754653070515, -0.46361670097240637, 0.36874915407467734, 0.8164446465311391, 0.5598018970636844, -0.09564903855078666, -0.5620866064093366, -0.5104751967054673, -0.12161013571667412, 0.30217166755576796, 0.37321032052197656, 0.1662287108132433, -0.11378428849913802, -0.15755688825373615, -0.049535337922046674, 0.025042275511073964, -0.05519515304204181, -0.12784613164147562, -0.03092373063057563, 0.23146641440264126, 0.3179579627853806, 0.07285174380884174, -0.33623892929689503, -0.4432932353457526, -0.11942940817659298, 0.37992106916467616, 0.5346463580682468]]}